8.499843597412109375e+00,8.501064300537109375e+00,8.496582031250000000e+00,8.499233245849609375e+00,8.497398376464843750e+00,8.493720054626464844e+00,8.491875648498535156e+00,8.488588333129882812e+00,8.488178253173828125e+00,8.481570243835449219e+00,8.482402801513671875e+00,8.478673934936523438e+00,8.468451499938964844e+00,8.466583251953125000e+00,8.460920333862304688e+00,8.448652267456054688e+00,8.435422897338867188e+00,8.419732093811035156e+00,8.419121742248535156e+00,8.395138740539550781e+00,8.366749763488769531e+00,8.330736160278320312e+00,8.296009063720703125e+00,8.236441612243652344e+00,8.193516731262207031e+00,8.088772773742675781e+00,7.990752220153808594e+00,7.833082199096679688e+00,7.636507034301757812e+00,0.000000000000000000e+00,8.236846923828125000e-01,5.161285400390625000e-01,1.807250976562500000e+00,5.011138916015625000e-01,6.337356567382812500e-01,2.746685028076171875e+00,2.391395568847656250e+00,9.851951599121093750e-01,2.904197692871093750e+00,2.434637069702148438e+00,2.900810241699218750e+00,1.417861938476562500e+00,2.374910354614257812e+00,1.894908905029296875e+00,3.241975784301757812e+00,2.726438522338867188e+00,2.633506774902343750e+00,5.914344787597656250e-01,2.110912322998046875e+00,3.051425933837890625e+00,3.619079589843750000e-01,1.308151245117187500e+00,1.669258117675781250e+00,4.129447937011718750e-01,2.368129730224609375e+00,2.979316711425781250e-01,6.491661071777343750e-01,1.568862915039062500e+00,4.214134216308593750e-01,1.394454956054687500e+00,4.368820190429687500e-01,1.849231719970703125e+00,2.632141113281250000e-03,2.418506622314453125e+00,2.077035903930664062e+00,2.845064163208007812e+00,2.833934783935546875e+00,3.802698135375976562e+00,1.995073318481445312e+00,3.867147445678710938e+00,4.562177658081054688e+00,4.125442504882812500e+00,4.798114776611328125e+00,5.503461837768554688e+00,6.242558479309082031e+00,6.647516250610351562e+00,7.152775764465332031e+00,7.549584388732910156e+00,7.799109458923339844e+00,7.780898094177246094e+00,7.614665985107421875e+00
8.498014450073242188e+00,8.496587753295898438e+00,8.496181488037109375e+00,8.494549751281738281e+00,8.495577812194824219e+00,8.494362831115722656e+00,8.491301536560058594e+00,8.482676506042480469e+00,8.485190391540527344e+00,8.479455947875976562e+00,8.471883773803710938e+00,8.466822624206542969e+00,8.459877967834472656e+00,8.458590507507324219e+00,8.457785606384277344e+00,8.435919761657714844e+00,8.429457664489746094e+00,8.421382904052734375e+00,8.398283004760742188e+00,8.379710197448730469e+00,8.354850769042968750e+00,8.325070381164550781e+00,8.278536796569824219e+00,8.241977691650390625e+00,8.185937881469726562e+00,8.118560791015625000e+00,8.027452468872070312e+00,7.920185089111328125e+00,2.418518066406250000e-03,2.914428710937500000e-03,1.356552124023437500e+00,2.190765380859375000e+00,2.404129028320312500e+00,2.838401794433593750e+00,1.556583404541015625e+00,2.509658813476562500e+00,3.517845153808593750e+00,1.705692291259765625e+00,3.721076965332031250e+00,1.666027069091796875e+00,3.907320022583007812e+00,2.723272323608398438e+00,2.619812011718750000e+00,8.190364837646484375e-01,3.087469100952148438e+00,2.456899642944335938e+00,1.238454818725585938e+00,3.051753997802734375e+00,1.698598861694335938e+00,3.107997894287109375e+00,2.591503143310546875e+00,1.997566223144531250e-01,2.464817047119140625e+00,1.416664123535156250e+00,1.965837478637695312e+00,2.377792358398437500e+00,2.538841247558593750e+00,2.258798599243164062e+00,2.029914855957031250e+00,2.413019180297851562e+00,3.371145248413085938e+00,3.603279113769531250e+00,1.525976181030273438e+00,5.314483642578125000e-01,2.974733352661132812e+00,3.521453857421875000e+00,3.622713088989257812e+00,3.703313827514648438e+00,4.733078002929687500e+00,4.322582244873046875e+00,4.427064895629882812e+00,4.994800567626953125e+00,5.164564132690429688e+00,5.677698135375976562e+00,6.196330070495605469e+00,6.836836814880371094e+00,6.906066894531250000e+00,7.423196792602539062e+00,7.681676864624023438e+00,7.874385833740234375e+00,7.975317955017089844e+00
8.498476982116699219e+00,8.497274398803710938e+00,8.493457794189453125e+00,8.494488716125488281e+00,8.487863540649414062e+00,8.492013931274414062e+00,8.487266540527343750e+00,8.484996795654296875e+00,8.478740692138671875e+00,8.474651336669921875e+00,8.473179817199707031e+00,8.470412254333496094e+00,8.458033561706542969e+00,8.453968048095703125e+00,8.449264526367187500e+00,8.434931755065917969e+00,8.429921150207519531e+00,8.409755706787109375e+00,8.394064903259277344e+00,8.385888099670410156e+00,8.375833511352539062e+00,8.350112915039062500e+00,8.323762893676757812e+00,8.306560516357421875e+00,8.256296157836914062e+00,8.192895889282226562e+00,6.963772773742675781e+00,1.942825317382812500e-02,1.771087646484375000e-01,1.433326721191406250e+00,1.850257873535156250e+00,2.790321350097656250e+00,2.787906646728515625e+00,3.493610382080078125e+00,1.070585250854492188e+00,3.226535797119140625e+00,3.924461364746093750e+00,4.020753860473632812e+00,2.650873184204101562e+00,3.709030151367187500e+00,4.151729583740234375e+00,4.041444778442382812e+00,4.168073654174804688e+00,3.828475952148437500e+00,4.458868026733398438e+00,3.252128601074218750e+00,4.574474334716796875e+00,3.582117080688476562e+00,3.491226196289062500e+00,2.379056930541992188e+00,2.318687438964843750e+00,2.693012237548828125e+00,4.120923995971679688e+00,2.684278488159179688e+00,3.656099319458007812e+00,3.878118515014648438e+00,3.370447158813476562e+00,4.001213073730468750e+00,3.357774734497070312e+00,4.555065155029296875e+00,4.152414321899414062e+00,2.554471969604492188e+00,3.455083847045898438e+00,4.593652725219726562e+00,4.039072036743164062e+00,4.628551483154296875e+00,4.746345520019531250e+00,4.543163299560546875e+00,2.738279342651367188e+00,3.514497756958007812e+00,5.447016716003417969e+00,4.744438171386718750e+00,4.798635482788085938e+00,6.041400909423828125e+00,5.601134300231933594e+00,6.829158782958984375e+00,7.045860290527343750e+00,7.290831565856933594e+00,7.581968307495117188e+00,7.844390869140625000e+00,7.983514785766601562e+00
8.496712684631347656e+00,8.495958328247070312e+00,8.493642807006835938e+00,8.495683670043945312e+00,8.487900733947753906e+00,8.489068984985351562e+00,8.483720779418945312e+00,8.480033874511718750e+00,8.473188400268554688e+00,8.472262382507324219e+00,8.471719741821289062e+00,8.464633941650390625e+00,8.461191177368164062e+00,8.458988189697265625e+00,8.451824188232421875e+00,8.450519561767578125e+00,8.440151214599609375e+00,8.443808555603027344e+00,8.430763244628906250e+00,8.429326057434082031e+00,8.419405937194824219e+00,8.406970024108886719e+00,8.388237953186035156e+00,8.340953826904296875e+00,8.246561050415039062e+00,7.100698471069335938e+00,2.710075378417968750e-01,6.520423889160156250e-01,1.338333129882812500e+00,4.440841674804687500e-01,3.175209045410156250e+00,3.380729675292968750e+00,2.350509643554687500e+00,3.865806579589843750e+00,2.595636367797851562e+00,3.510627746582031250e+00,3.757757186889648438e+00,5.130487442016601562e+00,5.568153381347656250e+00,5.438245773315429688e+00,4.785425186157226562e+00,4.731399536132812500e+00,5.061513900756835938e+00,5.200706481933593750e+00,5.057928085327148438e+00,3.978193283081054688e+00,3.139200210571289062e+00,5.158533096313476562e+00,4.686172485351562500e+00,5.396614074707031250e+00,4.542377471923828125e+00,3.236869812011718750e+00,4.585729598999023438e+00,4.664463043212890625e+00,4.710136413574218750e+00,4.081312179565429688e+00,4.900352478027343750e+00,2.860048294067382812e+00,4.914417266845703125e+00,4.278396606445312500e+00,4.893621444702148438e+00,4.661231994628906250e+00,4.404155731201171875e+00,4.668413162231445312e+00,5.131738662719726562e+00,4.818931579589843750e+00,5.566132545471191406e+00,4.666290283203125000e+00,5.441501617431640625e+00,5.932235717773437500e+00,5.925152778625488281e+00,5.866607666015625000e+00,6.258751869201660156e+00,6.501347541809082031e+00,6.953091621398925781e+00,6.818275451660156250e+00,7.091871261596679688e+00,7.338807106018066406e+00,7.528621673583984375e+00,7.739006042480468750e+00,7.894292831420898438e+00
8.497977256774902344e+00,8.498065948486328125e+00,8.492116928100585938e+00,8.487512588500976562e+00,8.488327980041503906e+00,8.490180969238281250e+00,8.488277435302734375e+00,8.485082626342773438e+00,8.484735488891601562e+00,8.482053756713867188e+00,8.480778694152832031e+00,8.477425575256347656e+00,8.479711532592773438e+00,8.473024368286132812e+00,8.477038383483886719e+00,8.474094390869140625e+00,8.474494934082031250e+00,8.472698211669921875e+00,8.462129592895507812e+00,8.456955909729003906e+00,8.439561843872070312e+00,8.401515960693359375e+00,8.359622001647949219e+00,8.208010673522949219e+00,7.605114936828613281e+00,2.880554199218750000e+00,4.314422607421875000e-01,2.346256256103515625e+00,2.457942962646484375e+00,3.417568206787109375e+00,1.332035064697265625e+00,4.089761734008789062e+00,4.118104934692382812e+00,4.331912994384765625e+00,5.582729339599609375e+00,5.144041061401367188e+00,3.592237472534179688e+00,4.595825195312500000e+00,4.304849624633789062e+00,4.089313507080078125e+00,5.174055099487304688e+00,5.234184265136718750e+00,5.202939987182617188e+00,5.258726119995117188e+00,4.956962585449218750e+00,4.649135589599609375e+00,5.540409088134765625e+00,4.505432128906250000e+00,4.255836486816406250e+00,5.649082183837890625e+00,5.639801025390625000e+00,5.478547096252441406e+00,5.425820350646972656e+00,4.864821434020996094e+00,5.690040588378906250e+00,5.396324157714843750e+00,5.052770614624023438e+00,5.185627937316894531e+00,5.465189933776855469e+00,5.066860198974609375e+00,5.487322807312011719e+00,4.932579994201660156e+00,5.432133674621582031e+00,5.224904060363769531e+00,5.870216369628906250e+00,5.341844558715820312e+00,5.903513908386230469e+00,5.764763832092285156e+00,5.826848983764648438e+00,6.373263359069824219e+00,6.079156875610351562e+00,6.279363632202148438e+00,6.368424415588378906e+00,6.347641944885253906e+00,6.963574409484863281e+00,6.861599922180175781e+00,7.108459472656250000e+00,7.427099227905273438e+00,7.486457824707031250e+00,7.706119537353515625e+00,7.872850418090820312e+00
8.497617721557617188e+00,8.496319770812988281e+00,8.495232582092285156e+00,8.489555358886718750e+00,8.492162704467773438e+00,8.493762016296386719e+00,8.491285324096679688e+00,8.490867614746093750e+00,8.491277694702148438e+00,8.490806579589843750e+00,8.491256713867187500e+00,8.489261627197265625e+00,8.482608795166015625e+00,8.487743377685546875e+00,8.475146293640136719e+00,8.471709251403808594e+00,8.468912124633789062e+00,8.462148666381835938e+00,8.446453094482421875e+00,8.376061439514160156e+00,8.365219116210937500e+00,8.198284149169921875e+00,8.158773422241210938e+00,7.560539245605468750e+00,1.743577957153320312e+00,1.982837677001953125e+00,1.714973449707031250e+00,2.832763671875000000e+00,3.061637878417968750e+00,3.878189086914062500e+00,4.168001174926757812e+00,3.591209411621093750e+00,4.666435241699218750e+00,5.358127593994140625e+00,5.388566017150878906e+00,5.388947486877441406e+00,5.629645347595214844e+00,4.870295524597167969e+00,4.960961341857910156e+00,5.950490951538085938e+00,5.367032051086425781e+00,5.545663833618164062e+00,5.798987388610839844e+00,5.293611526489257812e+00,5.699405670166015625e+00,5.825487136840820312e+00,5.954948425292968750e+00,6.160429000854492188e+00,5.762895584106445312e+00,5.678871154785156250e+00,5.245819091796875000e+00,5.688902854919433594e+00,6.306660652160644531e+00,6.068851470947265625e+00,5.257203102111816406e+00,5.893545150756835938e+00,5.960847854614257812e+00,6.169387817382812500e+00,5.991879463195800781e+00,5.666474342346191406e+00,5.703530311584472656e+00,6.050855636596679688e+00,5.344231605529785156e+00,5.748763084411621094e+00,5.593133926391601562e+00,6.438957214355468750e+00,6.228302955627441406e+00,6.380924224853515625e+00,6.643884658813476562e+00,6.384016990661621094e+00,6.239595413208007812e+00,6.169270515441894531e+00,6.194664001464843750e+00,6.982658386230468750e+00,7.020845413208007812e+00,7.280450820922851562e+00,7.414128303527832031e+00,7.393122673034667969e+00,7.551258087158203125e+00,7.684413909912109375e+00,7.828599929809570312e+00
8.500025749206542969e+00,8.499361038208007812e+00,8.498757362365722656e+00,8.498893737792968750e+00,8.498506546020507812e+00,8.500917434692382812e+00,8.490772247314453125e+00,8.498665809631347656e+00,8.499132156372070312e+00,8.486005783081054688e+00,8.480228424072265625e+00,8.481115341186523438e+00,8.452400207519531250e+00,8.458798408508300781e+00,8.460053443908691406e+00,8.429250717163085938e+00,8.423362731933593750e+00,8.376626014709472656e+00,8.330591201782226562e+00,8.286851882934570312e+00,8.083320617675781250e+00,8.023445129394531250e+00,7.020842552185058594e+00,3.625869750976562500e+00,8.173522949218750000e-01,1.987716674804687500e+00,2.763835906982421875e+00,4.134685516357421875e+00,3.547349929809570312e+00,3.579555511474609375e+00,4.547990798950195312e+00,5.384941101074218750e+00,4.484104156494140625e+00,4.420475006103515625e+00,5.617567062377929688e+00,5.428223609924316406e+00,4.869862556457519531e+00,4.945236206054687500e+00,6.081788063049316406e+00,5.399560928344726562e+00,6.030992507934570312e+00,6.247087478637695312e+00,6.009791374206542969e+00,5.819454193115234375e+00,6.137041091918945312e+00,5.490766525268554688e+00,5.852154731750488281e+00,5.688416481018066406e+00,6.229901313781738281e+00,6.136762619018554688e+00,6.129958152770996094e+00,6.323947906494140625e+00,6.557246208190917969e+00,5.724666595458984375e+00,6.125873565673828125e+00,6.314596176147460938e+00,6.334141731262207031e+00,6.720514297485351562e+00,6.335065841674804688e+00,6.470481872558593750e+00,6.649471282958984375e+00,6.485169410705566406e+00,6.158854484558105469e+00,5.838248252868652344e+00,6.013588905334472656e+00,6.993144035339355469e+00,6.810889244079589844e+00,6.728873252868652344e+00,6.741450309753417969e+00,7.045816421508789062e+00,6.845912933349609375e+00,7.036193847656250000e+00,7.075374603271484375e+00,7.076821327209472656e+00,7.212150573730468750e+00,7.415827751159667969e+00,7.566367149353027344e+00,7.439834594726562500e+00,7.650202751159667969e+00,7.701403617858886719e+00,7.788872718811035156e+00
8.501556396484375000e+00,8.498220443725585938e+00,8.503793716430664062e+00,8.499734878540039062e+00,8.497453689575195312e+00,8.431127548217773438e+00,8.472688674926757812e+00,8.470440864562988281e+00,8.448011398315429688e+00,8.449550628662109375e+00,8.434768676757812500e+00,8.415566444396972656e+00,8.421317100524902344e+00,8.373719215393066406e+00,8.362504959106445312e+00,8.351745605468750000e+00,8.314477920532226562e+00,8.319067001342773438e+00,8.246128082275390625e+00,8.033198356628417969e+00,7.903779029846191406e+00,7.427914619445800781e+00,5.748596191406250000e+00,3.631361007690429688e+00,3.511959075927734375e+00,4.049837112426757812e+00,3.539009094238281250e+00,3.338598251342773438e+00,4.271232604980468750e+00,4.643920898437500000e+00,5.427745819091796875e+00,5.705020904541015625e+00,3.692699432373046875e+00,5.319466590881347656e+00,4.965916633605957031e+00,5.789755821228027344e+00,3.606670379638671875e+00,4.769961357116699219e+00,5.174917221069335938e+00,6.423931121826171875e+00,6.136810302734375000e+00,5.477070808410644531e+00,6.204757690429687500e+00,5.720152854919433594e+00,5.851427078247070312e+00,5.593868255615234375e+00,6.243087768554687500e+00,6.528849601745605469e+00,6.173395156860351562e+00,5.427061080932617188e+00,6.699762344360351562e+00,6.133077621459960938e+00,6.432731628417968750e+00,6.352833747863769531e+00,6.664783477783203125e+00,6.298356056213378906e+00,6.708320617675781250e+00,6.773818016052246094e+00,6.228460311889648438e+00,6.588212966918945312e+00,6.479239463806152344e+00,6.594045639038085938e+00,6.720929145812988281e+00,6.500155448913574219e+00,7.053785324096679688e+00,6.770108222961425781e+00,6.873306274414062500e+00,7.018765449523925781e+00,7.057147979736328125e+00,6.754584312438964844e+00,7.145931243896484375e+00,7.305350303649902344e+00,7.312150955200195312e+00,7.279388427734375000e+00,7.441566467285156250e+00,7.574891090393066406e+00,7.541484832763671875e+00,7.589332580566406250e+00,7.736701965332031250e+00,7.734169006347656250e+00,7.796713829040527344e+00
8.493587493896484375e+00,8.482539176940917969e+00,8.477221488952636719e+00,8.389478683471679688e+00,8.432079315185546875e+00,8.423792839050292969e+00,8.432207107543945312e+00,8.440325736999511719e+00,8.382944107055664062e+00,8.345731735229492188e+00,8.319293975830078125e+00,8.345504760742187500e+00,8.282997131347656250e+00,8.250856399536132812e+00,8.104475021362304688e+00,8.274145126342773438e+00,8.246475219726562500e+00,8.180201530456542969e+00,8.142169952392578125e+00,7.943141937255859375e+00,7.647956848144531250e+00,6.659744262695312500e+00,4.311418533325195312e+00,3.971378326416015625e+00,3.984272003173828125e+00,4.595117568969726562e+00,4.873144149780273438e+00,1.964391708374023438e+00,5.173582077026367188e+00,4.526288986206054688e+00,5.733019828796386719e+00,6.123858451843261719e+00,4.986470222473144531e+00,6.197980880737304688e+00,5.916695594787597656e+00,5.377389907836914062e+00,6.179886817932128906e+00,5.157264709472656250e+00,6.245840072631835938e+00,6.219554901123046875e+00,6.387196540832519531e+00,6.409220695495605469e+00,6.117933273315429688e+00,6.367085456848144531e+00,5.550642013549804688e+00,6.488433837890625000e+00,6.569668769836425781e+00,5.511619567871093750e+00,6.316134452819824219e+00,6.231710433959960938e+00,6.120208740234375000e+00,5.808318138122558594e+00,6.613301277160644531e+00,6.377152442932128906e+00,6.915426254272460938e+00,6.620857238769531250e+00,6.147655487060546875e+00,6.534002304077148438e+00,6.350021362304687500e+00,6.937112808227539062e+00,6.788580894470214844e+00,7.024851799011230469e+00,6.954845428466796875e+00,7.067076683044433594e+00,6.971289634704589844e+00,7.153295516967773438e+00,6.910454750061035156e+00,7.142717361450195312e+00,7.246374130249023438e+00,7.273550033569335938e+00,7.272346496582031250e+00,7.380325317382812500e+00,7.480067253112792969e+00,7.329193115234375000e+00,7.468957901000976562e+00,7.568202972412109375e+00,7.663976669311523438e+00,7.659224510192871094e+00,7.743793487548828125e+00,7.757638931274414062e+00,7.551958084106445312e+00
8.450226783752441406e+00,8.403702735900878906e+00,8.433160781860351562e+00,8.419031143188476562e+00,8.379464149475097656e+00,8.315545082092285156e+00,8.285338401794433594e+00,8.235712051391601562e+00,8.321863174438476562e+00,8.251390457153320312e+00,7.991415977478027344e+00,8.218678474426269531e+00,8.154838562011718750e+00,8.154644012451171875e+00,8.178442955017089844e+00,7.658127784729003906e+00,8.180143356323242188e+00,8.110172271728515625e+00,7.780838012695312500e+00,7.753232002258300781e+00,7.280622482299804688e+00,5.687826156616210938e+00,3.284620285034179688e+00,4.099636077880859375e+00,4.130428314208984375e+00,5.136701583862304688e+00,5.230062484741210938e+00,5.428860664367675781e+00,4.509771347045898438e+00,4.370828628540039062e+00,4.797242164611816406e+00,5.568430900573730469e+00,5.754177093505859375e+00,5.446546554565429688e+00,5.281475067138671875e+00,5.267189025878906250e+00,6.375778198242187500e+00,5.159650802612304688e+00,6.256228446960449219e+00,6.423454284667968750e+00,5.765199661254882812e+00,6.096941947937011719e+00,5.824189186096191406e+00,6.133333206176757812e+00,6.543009757995605469e+00,6.376781463623046875e+00,6.595481872558593750e+00,5.896800994873046875e+00,6.411554336547851562e+00,5.695858955383300781e+00,6.663745880126953125e+00,6.266939163208007812e+00,6.482683181762695312e+00,6.653642654418945312e+00,6.488296508789062500e+00,6.172708511352539062e+00,6.649018287658691406e+00,6.314826011657714844e+00,6.913972854614257812e+00,6.728436470031738281e+00,6.686991691589355469e+00,6.755482673645019531e+00,6.986353874206542969e+00,7.068352699279785156e+00,7.033214569091796875e+00,7.118865966796875000e+00,7.213754653930664062e+00,7.336704254150390625e+00,6.731056213378906250e+00,7.221158981323242188e+00,7.336746215820312500e+00,7.444600105285644531e+00,7.270687103271484375e+00,7.572251319885253906e+00,7.477710723876953125e+00,7.517806053161621094e+00,7.452188491821289062e+00,7.575061798095703125e+00,7.633192062377929688e+00,7.775094032287597656e+00,7.745631217956542969e+00
8.404029846191406250e+00,8.302346229553222656e+00,8.171401977539062500e+00,8.332705497741699219e+00,8.254749298095703125e+00,8.224702835083007812e+00,8.142234802246093750e+00,8.170734405517578125e+00,7.636878967285156250e+00,8.136484146118164062e+00,8.072386741638183594e+00,7.953867912292480469e+00,8.177511215209960938e+00,8.111539840698242188e+00,8.150644302368164062e+00,8.032711029052734375e+00,8.134389877319335938e+00,7.918873786926269531e+00,7.883452415466308594e+00,7.239902496337890625e+00,6.392374992370605469e+00,5.778941154479980469e+00,5.303941726684570312e+00,4.005603790283203125e+00,5.519703865051269531e+00,5.788017272949218750e+00,5.730257034301757812e+00,5.740558624267578125e+00,6.022118568420410156e+00,5.758213996887207031e+00,5.865813255310058594e+00,5.908338546752929688e+00,5.987696647644042969e+00,5.208101272583007812e+00,5.433951377868652344e+00,5.946370124816894531e+00,6.113542556762695312e+00,5.919934272766113281e+00,5.752700805664062500e+00,5.831817626953125000e+00,6.175812721252441406e+00,5.764529228210449219e+00,6.336845397949218750e+00,6.142583847045898438e+00,6.495047569274902344e+00,6.089138031005859375e+00,5.958204269409179688e+00,6.389719009399414062e+00,6.074224472045898438e+00,5.717346191406250000e+00,6.657484054565429688e+00,6.352931976318359375e+00,6.431744575500488281e+00,6.679493904113769531e+00,6.968692779541015625e+00,6.841204643249511719e+00,6.747514724731445312e+00,6.807294845581054688e+00,6.359042167663574219e+00,6.857315063476562500e+00,7.021391868591308594e+00,7.121059417724609375e+00,7.091733932495117188e+00,7.192700386047363281e+00,7.291065216064453125e+00,7.094591140747070312e+00,7.132934570312500000e+00,7.272141456604003906e+00,7.246707916259765625e+00,7.412268638610839844e+00,7.449564933776855469e+00,7.451246261596679688e+00,7.393359184265136719e+00,7.419582366943359375e+00,7.350100517272949219e+00,7.672281265258789062e+00,7.564545631408691406e+00,7.593054771423339844e+00,7.375007629394531250e+00,7.570724487304687500e+00,7.732411384582519531e+00
8.270120620727539062e+00,8.319391250610351562e+00,8.219162940979003906e+00,8.118606567382812500e+00,7.994247436523437500e+00,8.021691322326660156e+00,7.971858024597167969e+00,7.859954833984375000e+00,7.922012329101562500e+00,7.993505477905273438e+00,8.037285804748535156e+00,7.982984542846679688e+00,8.052014350891113281e+00,8.117611885070800781e+00,8.116643905639648438e+00,8.060024261474609375e+00,7.939455032348632812e+00,7.747587203979492188e+00,7.240620613098144531e+00,7.019318580627441406e+00,6.100736618041992188e+00,6.381155967712402344e+00,5.621156692504882812e+00,5.964570045471191406e+00,5.682709693908691406e+00,4.740046501159667969e+00,4.633070945739746094e+00,6.115906715393066406e+00,6.250245094299316406e+00,5.957911491394042969e+00,3.725307464599609375e+00,6.202989578247070312e+00,5.732496261596679688e+00,5.313418388366699219e+00,5.749475479125976562e+00,4.894583702087402344e+00,6.035274505615234375e+00,6.310825347900390625e+00,4.148147583007812500e+00,5.973790168762207031e+00,6.189800262451171875e+00,6.140327453613281250e+00,6.206705093383789062e+00,6.400491714477539062e+00,6.565153121948242188e+00,6.574628829956054688e+00,6.181075096130371094e+00,6.554539680480957031e+00,6.394129753112792969e+00,5.923480987548828125e+00,6.338800430297851562e+00,6.732419967651367188e+00,5.574767112731933594e+00,6.202177047729492188e+00,6.584612846374511719e+00,6.983503341674804688e+00,5.988471984863281250e+00,6.986322402954101562e+00,6.469923019409179688e+00,6.661368370056152344e+00,6.916298866271972656e+00,7.084323883056640625e+00,7.006997108459472656e+00,6.859251022338867188e+00,6.894226074218750000e+00,7.175109863281250000e+00,7.227663040161132812e+00,7.129165649414062500e+00,7.176031112670898438e+00,7.248757362365722656e+00,7.035284996032714844e+00,7.087198257446289062e+00,7.231163024902343750e+00,7.358428001403808594e+00,7.415962219238281250e+00,7.432711601257324219e+00,7.667095184326171875e+00,7.627644538879394531e+00,7.617740631103515625e+00,7.691850662231445312e+00,7.774110794067382812e+00
7.967889785766601562e+00,8.130001068115234375e+00,7.674580574035644531e+00,7.846579551696777344e+00,7.673921585083007812e+00,7.852170944213867188e+00,7.580154418945312500e+00,7.895858764648437500e+00,7.976265907287597656e+00,7.928144454956054688e+00,6.177630424499511719e+00,8.010976791381835938e+00,7.975861549377441406e+00,8.017458915710449219e+00,7.944635391235351562e+00,7.807205200195312500e+00,7.526914596557617188e+00,7.210006713867187500e+00,7.211889266967773438e+00,6.649999618530273438e+00,6.338241577148437500e+00,5.616712570190429688e+00,6.049068450927734375e+00,5.618040084838867188e+00,6.016848564147949219e+00,4.458192825317382812e+00,5.864977836608886719e+00,5.874046325683593750e+00,5.644420623779296875e+00,5.495260238647460938e+00,6.013338088989257812e+00,6.184810638427734375e+00,6.080239295959472656e+00,5.311589241027832031e+00,5.980571746826171875e+00,6.140718460083007812e+00,5.524004936218261719e+00,6.079948425292968750e+00,4.988430976867675781e+00,5.995322227478027344e+00,6.502725601196289062e+00,6.491564750671386719e+00,6.480494499206542969e+00,4.805562973022460938e+00,5.715440750122070312e+00,6.241485595703125000e+00,6.138237953186035156e+00,6.223790168762207031e+00,5.538334846496582031e+00,6.542098999023437500e+00,6.614507675170898438e+00,6.563741683959960938e+00,6.477874755859375000e+00,6.829219818115234375e+00,6.618604660034179688e+00,6.639129638671875000e+00,6.718244552612304688e+00,5.963916778564453125e+00,6.980508804321289062e+00,6.473627090454101562e+00,6.038478851318359375e+00,6.088788986206054688e+00,7.029268264770507812e+00,7.045535087585449219e+00,6.951587677001953125e+00,7.074859619140625000e+00,7.084974288940429688e+00,7.235455513000488281e+00,7.118996620178222656e+00,7.031166076660156250e+00,7.194059371948242188e+00,7.429557800292968750e+00,7.282695770263671875e+00,7.154469490051269531e+00,7.266123771667480469e+00,7.283342361450195312e+00,7.385370254516601562e+00,7.613692283630371094e+00,7.478084564208984375e+00,7.619762420654296875e+00,7.673709869384765625e+00
7.991263389587402344e+00,7.862009048461914062e+00,6.999311447143554688e+00,7.757345199584960938e+00,7.310976028442382812e+00,7.795624732971191406e+00,7.167224884033203125e+00,7.846258163452148438e+00,7.858540534973144531e+00,7.747367858886718750e+00,7.847747802734375000e+00,7.900155067443847656e+00,7.727912902832031250e+00,7.779066085815429688e+00,7.536062240600585938e+00,7.345646858215332031e+00,7.134281158447265625e+00,6.962160110473632812e+00,6.301081657409667969e+00,6.636308670043945312e+00,3.442939758300781250e+00,6.153654098510742188e+00,6.106661796569824219e+00,5.404965400695800781e+00,6.475359916687011719e+00,5.339430809020996094e+00,5.664496421813964844e+00,6.257104873657226562e+00,5.877036094665527344e+00,5.752149581909179688e+00,5.800991058349609375e+00,5.640427589416503906e+00,6.195162773132324219e+00,6.094816207885742188e+00,6.323325157165527344e+00,5.732136726379394531e+00,6.090121269226074219e+00,6.288393974304199219e+00,5.739796638488769531e+00,6.196796417236328125e+00,5.846168518066406250e+00,6.105863571166992188e+00,6.240558624267578125e+00,5.738971710205078125e+00,6.222570419311523438e+00,6.351487159729003906e+00,5.677145004272460938e+00,6.504865646362304688e+00,5.759860038757324219e+00,6.372458457946777344e+00,5.231764793395996094e+00,5.841207504272460938e+00,5.075049400329589844e+00,6.458026885986328125e+00,6.439898490905761719e+00,6.730978965759277344e+00,6.144348144531250000e+00,6.586107254028320312e+00,6.744029045104980469e+00,6.820224761962890625e+00,6.230942726135253906e+00,6.945463180541992188e+00,6.728870391845703125e+00,6.848204612731933594e+00,6.897701263427734375e+00,6.946496963500976562e+00,7.000028610229492188e+00,6.927927970886230469e+00,6.704935073852539062e+00,6.878205299377441406e+00,7.255723953247070312e+00,7.411172866821289062e+00,7.311246871948242188e+00,7.397862434387207031e+00,7.410242080688476562e+00,7.468794822692871094e+00,7.582198143005371094e+00,7.374107360839843750e+00,7.373151779174804688e+00,7.586078643798828125e+00,7.536530494689941406e+00
7.418962478637695312e+00,7.754220962524414062e+00,6.970617294311523438e+00,7.666473388671875000e+00,7.723248481750488281e+00,7.529811859130859375e+00,7.630213737487792969e+00,7.034906387329101562e+00,7.531023025512695312e+00,7.823274612426757812e+00,7.745660781860351562e+00,7.726473808288574219e+00,7.567468643188476562e+00,7.280117034912109375e+00,6.954393386840820312e+00,6.288399696350097656e+00,6.385869026184082031e+00,6.131357192993164062e+00,6.456295013427734375e+00,6.177533149719238281e+00,6.167019844055175781e+00,5.889143943786621094e+00,6.410611152648925781e+00,6.011941909790039062e+00,5.648742675781250000e+00,5.845962524414062500e+00,6.014745712280273438e+00,6.238294601440429688e+00,5.753653526306152344e+00,5.594691276550292969e+00,5.480668067932128906e+00,5.622220993041992188e+00,5.079420089721679688e+00,5.678326606750488281e+00,5.970536231994628906e+00,5.893372535705566406e+00,5.950111389160156250e+00,5.951304435729980469e+00,6.039031982421875000e+00,6.382624626159667969e+00,6.402777671813964844e+00,6.246017456054687500e+00,5.212841033935546875e+00,5.745821952819824219e+00,6.221285820007324219e+00,6.058906555175781250e+00,5.273248672485351562e+00,6.569880485534667969e+00,5.389774322509765625e+00,5.954762458801269531e+00,6.528300285339355469e+00,6.696485519409179688e+00,6.479520797729492188e+00,6.679553985595703125e+00,6.561310768127441406e+00,6.415868759155273438e+00,6.261223793029785156e+00,6.006281852722167969e+00,6.717971801757812500e+00,6.786588668823242188e+00,6.592369079589843750e+00,6.852557182312011719e+00,6.958061218261718750e+00,6.736745834350585938e+00,6.402051925659179688e+00,7.064460754394531250e+00,6.980813980102539062e+00,7.115006446838378906e+00,7.036923408508300781e+00,7.021211624145507812e+00,6.981567382812500000e+00,7.345470428466796875e+00,7.052897453308105469e+00,7.359460830688476562e+00,7.185243606567382812e+00,7.372012138366699219e+00,7.331400871276855469e+00,7.415324211120605469e+00,6.277826309204101562e+00,6.730856895446777344e+00,7.427379608154296875e+00
